scenario,model,runs,macro_f1_mean,macro_f1_std,balanced_accuracy_mean,balanced_accuracy_std
clean,resnet,3,0.9943722943722945,0.0,0.9940476190476192,0.0
clean,vgg,3,0.9567581654422649,0.0,0.955785378776202,0.0
clean,vit,3,0.9939454808428179,0.0,0.9955733442802409,0.0
clean,vit_fusion,3,0.9834532293222591,0.0,0.9898193760262727,0.0
mixed_heavy,resnet,3,0.9040741309993138,0.005831960120158123,0.9066150366982895,0.005724257555723137
mixed_heavy,vgg,3,0.7165179793501708,0.008637630467314325,0.703659713284855,0.006256453215444722
mixed_heavy,vit,3,0.809482844354495,0.00214665327463167,0.8081925227086711,0.012073766439207012
mixed_heavy,vit_fusion,3,0.7390172059165346,0.019225276805234556,0.719322228938442,0.026956403206867374
mixed_light,resnet,3,0.9901487877980576,0.0011064757041110184,0.9899716726288734,0.0011163941693210827
mixed_light,vgg,3,0.9264712614422039,0.00957812370105068,0.9266156330705516,0.010137864522823689
mixed_light,vit,3,0.9866391005316769,0.0015677065670692473,0.9865584391122658,0.002545258738832845
mixed_light,vit_fusion,3,0.9859831417320509,0.0016388593964810772,0.9884808477702699,0.00031598996401734775
mixed_medium,resnet,3,0.9762048135485485,0.003959845935691547,0.9796486238911519,0.006315484034952006
mixed_medium,vgg,3,0.8582776229254442,0.01107747920202921,0.8559608663660191,0.013781158785770646
mixed_medium,vit,3,0.9620138678151494,0.00229732482861257,0.9636880552112531,0.0017264984459890009
mixed_medium,vit_fusion,3,0.9408388588566146,0.005546833113428572,0.9388425317939916,0.005145901764992933
