scenario,model,seed,macro_f1,balanced_accuracy,dataset_subdir,test_split,eval_occlusion_mode,eval_occlusion_level,eval_occlusion_p,run_output_subdir
clean,resnet,42,0.9943722943722945,0.9940476190476192,dataset/ship_fine,test,none,light,0.0,outputs/keypart_experiments/runs/clean/seed_42
clean,vgg,42,0.9567581654422649,0.955785378776202,dataset/ship_fine,test,none,light,0.0,outputs/keypart_experiments/runs/clean/seed_42
clean,vit,42,0.9939454808428179,0.9955733442802409,dataset/ship_fine,test,none,light,0.0,outputs/keypart_experiments/runs/clean/seed_42
clean,vit_fusion,42,0.9834532293222591,0.9898193760262727,dataset/ship_fine,test,none,light,0.0,outputs/keypart_experiments/runs/clean/seed_42
clean,resnet,123,0.9943722943722945,0.9940476190476192,dataset/ship_fine,test,none,light,0.0,outputs/keypart_experiments/runs/clean/seed_123
clean,vgg,123,0.9567581654422649,0.955785378776202,dataset/ship_fine,test,none,light,0.0,outputs/keypart_experiments/runs/clean/seed_123
clean,vit,123,0.9939454808428179,0.9955733442802409,dataset/ship_fine,test,none,light,0.0,outputs/keypart_experiments/runs/clean/seed_123
clean,vit_fusion,123,0.9834532293222591,0.9898193760262727,dataset/ship_fine,test,none,light,0.0,outputs/keypart_experiments/runs/clean/seed_123
clean,resnet,3407,0.9943722943722945,0.9940476190476192,dataset/ship_fine,test,none,light,0.0,outputs/keypart_experiments/runs/clean/seed_3407
clean,vgg,3407,0.9567581654422649,0.955785378776202,dataset/ship_fine,test,none,light,0.0,outputs/keypart_experiments/runs/clean/seed_3407
clean,vit,3407,0.9939454808428179,0.9955733442802409,dataset/ship_fine,test,none,light,0.0,outputs/keypart_experiments/runs/clean/seed_3407
clean,vit_fusion,3407,0.9834532293222591,0.9898193760262727,dataset/ship_fine,test,none,light,0.0,outputs/keypart_experiments/runs/clean/seed_3407
mixed_light,resnet,42,0.9891462205593814,0.988868363437329,dataset/ship_fine,test,mixed,light,1.0,outputs/keypart_experiments/runs/mixed_light/seed_42
mixed_light,vgg,42,0.938819267626768,0.9387465831116456,dataset/ship_fine,test,mixed,light,1.0,outputs/keypart_experiments/runs/mixed_light/seed_42
mixed_light,vit,42,0.9849655086288848,0.9840975039441063,dataset/ship_fine,test,mixed,light,1.0,outputs/keypart_experiments/runs/mixed_light/seed_42
mixed_light,vit_fusion,42,0.9867174682982144,0.9889248238386169,dataset/ship_fine,test,mixed,light,1.0,outputs/keypart_experiments/runs/mixed_light/seed_42
mixed_light,resnet,123,0.9896096018480992,0.9895453008789723,dataset/ship_fine,test,mixed,light,1.0,outputs/keypart_experiments/runs/mixed_light/seed_123
mixed_light,vgg,123,0.9154748380137817,0.9139324179561318,dataset/ship_fine,test,mixed,light,1.0,outputs/keypart_experiments/runs/mixed_light/seed_123
mixed_light,vit,123,0.9862165818171417,0.9855139645773029,dataset/ship_fine,test,mixed,light,1.0,outputs/keypart_experiments/runs/mixed_light/seed_123
mixed_light,vit_fusion,123,0.9837122023190575,0.9883028872739662,dataset/ship_fine,test,mixed,light,1.0,outputs/keypart_experiments/runs/mixed_light/seed_123
mixed_light,resnet,3407,0.9916905409866921,0.9915013535703191,dataset/ship_fine,test,mixed,light,1.0,outputs/keypart_experiments/runs/mixed_light/seed_3407
mixed_light,vgg,3407,0.9251196786860622,0.9271678981438775,dataset/ship_fine,test,mixed,light,1.0,outputs/keypart_experiments/runs/mixed_light/seed_3407
mixed_light,vit,3407,0.9887352111490042,0.9900638488153882,dataset/ship_fine,test,mixed,light,1.0,outputs/keypart_experiments/runs/mixed_light/seed_3407
mixed_light,vit_fusion,3407,0.9875197545788809,0.9882148321982266,dataset/ship_fine,test,mixed,light,1.0,outputs/keypart_experiments/runs/mixed_light/seed_3407
mixed_medium,resnet,42,0.9706157561638608,0.97088893719376,dataset/ship_fine,test,mixed,medium,1.0,outputs/keypart_experiments/runs/mixed_medium/seed_42
mixed_medium,vgg,42,0.8589783068269575,0.8577629296351839,dataset/ship_fine,test,mixed,medium,1.0,outputs/keypart_experiments/runs/mixed_medium/seed_42
mixed_medium,vit,42,0.9588046983774906,0.9622310131397026,dataset/ship_fine,test,mixed,medium,1.0,outputs/keypart_experiments/runs/mixed_medium/seed_42
mixed_medium,vit_fusion,42,0.942926920241233,0.9438860678313246,dataset/ship_fine,test,mixed,medium,1.0,outputs/keypart_experiments/runs/mixed_medium/seed_42
mixed_medium,resnet,123,0.979303312493746,0.9825188564899354,dataset/ship_fine,test,mixed,medium,1.0,outputs/keypart_experiments/runs/mixed_medium/seed_123
mixed_medium,vgg,123,0.8714807897366171,0.8718659327972693,dataset/ship_fine,test,mixed,medium,1.0,outputs/keypart_experiments/runs/mixed_medium/seed_123
mixed_medium,vit,123,0.9631797320164083,0.9661133280342096,dataset/ship_fine,test,mixed,medium,1.0,outputs/keypart_experiments/runs/mixed_medium/seed_123
mixed_medium,vit_fusion,123,0.9332464668331867,0.9317773602446524,dataset/ship_fine,test,mixed,medium,1.0,outputs/keypart_experiments/runs/mixed_medium/seed_123
mixed_medium,resnet,3407,0.9786953719880387,0.9855380779897605,dataset/ship_fine,test,mixed,medium,1.0,outputs/keypart_experiments/runs/mixed_medium/seed_3407
mixed_medium,vgg,3407,0.8443737722127578,0.8382537366656042,dataset/ship_fine,test,mixed,medium,1.0,outputs/keypart_experiments/runs/mixed_medium/seed_3407
mixed_medium,vit,3407,0.9640571730515493,0.9627198244598473,dataset/ship_fine,test,mixed,medium,1.0,outputs/keypart_experiments/runs/mixed_medium/seed_3407
mixed_medium,vit_fusion,3407,0.9463431894954241,0.9408641673059976,dataset/ship_fine,test,mixed,medium,1.0,outputs/keypart_experiments/runs/mixed_medium/seed_3407
mixed_heavy,resnet,42,0.9113657225855782,0.9125145792866288,dataset/ship_fine,test,mixed,heavy,1.0,outputs/keypart_experiments/runs/mixed_heavy/seed_42
mixed_heavy,vgg,42,0.7046472839795411,0.695434183753824,dataset/ship_fine,test,mixed,heavy,1.0,outputs/keypart_experiments/runs/mixed_heavy/seed_42
mixed_heavy,vit,42,0.8123826283256462,0.8096131086515623,dataset/ship_fine,test,mixed,heavy,1.0,outputs/keypart_experiments/runs/mixed_heavy/seed_42
mixed_heavy,vit_fusion,42,0.7139381538816243,0.6821853945014833,dataset/ship_fine,test,mixed,heavy,1.0,outputs/keypart_experiments/runs/mixed_heavy/seed_42
mixed_heavy,resnet,123,0.8970903481826882,0.8988645118400782,dataset/ship_fine,test,mixed,heavy,1.0,outputs/keypart_experiments/runs/mixed_heavy/seed_123
mixed_heavy,vgg,123,0.7249489098728402,0.7105956514786558,dataset/ship_fine,test,mixed,heavy,1.0,outputs/keypart_experiments/runs/mixed_heavy/seed_123
mixed_heavy,vit,123,0.8088111683496865,0.792746212441941,dataset/ship_fine,test,mixed,heavy,1.0,outputs/keypart_experiments/runs/mixed_heavy/seed_123
mixed_heavy,vit_fusion,123,0.76065056303697,0.7453480690883537,dataset/ship_fine,test,mixed,heavy,1.0,outputs/keypart_experiments/runs/mixed_heavy/seed_123
mixed_heavy,resnet,3407,0.903766322229675,0.9084660189681613,dataset/ship_fine,test,mixed,heavy,1.0,outputs/keypart_experiments/runs/mixed_heavy/seed_3407
mixed_heavy,vgg,3407,0.719957744198131,0.7049493046220852,dataset/ship_fine,test,mixed,heavy,1.0,outputs/keypart_experiments/runs/mixed_heavy/seed_3407
mixed_heavy,vit,3407,0.8072547363881524,0.8222182470325102,dataset/ship_fine,test,mixed,heavy,1.0,outputs/keypart_experiments/runs/mixed_heavy/seed_3407
mixed_heavy,vit_fusion,3407,0.7424629008310095,0.730433223225489,dataset/ship_fine,test,mixed,heavy,1.0,outputs/keypart_experiments/runs/mixed_heavy/seed_3407
