class_idx,class_name,recall,overall_acc,support
0,001.Nimitz-class_aircraft_carrier,0.654545,0.971888,55
1,002.KittyHawk-class_aircraft_carrier,0.666667,0.993307,6
2,003.Midway-class_aircraft_carrier,0.900000,0.991968,20
3,004.Kuznetsov-class_aircraft_carrier,1.000000,0.994645,6
4,008.Ticonderoga-class_cruiser,0.583333,0.946452,60
5,009.Arleigh_Burke-class_destroyer,0.758621,0.939759,58
6,011.Asagiri-class_destroyer,0.285714,0.991968,7
7,012.Kidd-class_destroyer,0.833333,0.998661,6
8,013.Type_45_destroyer,0.800000,0.994645,15
9,014.Wasp-class_assault_ship,0.888889,0.922356,45
10,015.Osumi-class_landing_ship,0.909091,0.998661,11
11,017.Lzumo-class_helicopter_destroyer,0.833333,0.995984,6
12,018.Whitby_Island-class_dock_landing_ship,0.703704,0.979920,27
13,019.San_Antonio-class_transport_dock,0.419355,0.973226,31
14,020.Freedom-class_combat_ship,0.529412,0.989290,17
15,021.Independence-class_combat_ship,0.523810,0.985274,21
16,022.Sacramento-class_support_ship,0.600000,0.997323,5
17,023.Crane_ship,1.000000,0.990629,14
18,024.Abukuma-class_frigate,0.571429,0.995984,7
19,025.Megayacht,0.722222,0.982597,18
20,026.Cargo_ship,0.729730,0.982597,37
21,027.Murasame-class_destroyer,0.500000,0.990629,6
22,028.Container_ship,0.822222,0.983936,45
23,029.Towing_vessel,0.922078,0.991968,77
24,030.Civil_yacht,0.948052,0.967871,77
25,031.Medical_ship,0.687500,0.981258,32
26,032.Sand_carrier,0.909091,0.994645,22
27,033.Tank_ship,0.750000,0.993307,16
