filepath,true_idx,true_name,pred_idx,pred_name,prob
d:\GraduationProjectThree\dataset/ship_cls/test\01.Ticonderoga-class_cruiser\P0197.bmp,0,01.Ticonderoga-class_cruiser,0,01.Ticonderoga-class_cruiser,0.999870
d:\GraduationProjectThree\dataset/ship_cls/test\01.Ticonderoga-class_cruiser\P0438.bmp,0,01.Ticonderoga-class_cruiser,0,01.Ticonderoga-class_cruiser,0.999745
d:\GraduationProjectThree\dataset/ship_cls/test\01.Ticonderoga-class_cruiser\P0530.bmp,0,01.Ticonderoga-class_cruiser,0,01.Ticonderoga-class_cruiser,0.999999
d:\GraduationProjectThree\dataset/ship_cls/test\01.Ticonderoga-class_cruiser\P0568.bmp,0,01.Ticonderoga-class_cruiser,0,01.Ticonderoga-class_cruiser,0.999886
d:\GraduationProjectThree\dataset/ship_cls/test\01.Ticonderoga-class_cruiser\P0577.bmp,0,01.Ticonderoga-class_cruiser,0,01.Ticonderoga-class_cruiser,0.999754
d:\GraduationProjectThree\dataset/ship_cls/test\01.Ticonderoga-class_cruiser\P0592.bmp,0,01.Ticonderoga-class_cruiser,0,01.Ticonderoga-class_cruiser,1.000000
d:\GraduationProjectThree\dataset/ship_cls/test\01.Ticonderoga-class_cruiser\P0848.bmp,0,01.Ticonderoga-class_cruiser,0,01.Ticonderoga-class_cruiser,0.999926
d:\GraduationProjectThree\dataset/ship_cls/test\01.Ticonderoga-class_cruiser\P0915.bmp,0,01.Ticonderoga-class_cruiser,0,01.Ticonderoga-class_cruiser,0.999984
d:\GraduationProjectThree\dataset/ship_cls/test\01.Ticonderoga-class_cruiser\P0945.bmp,0,01.Ticonderoga-class_cruiser,0,01.Ticonderoga-class_cruiser,0.992406
d:\GraduationProjectThree\dataset/ship_cls/test\01.Ticonderoga-class_cruiser\P1171.bmp,0,01.Ticonderoga-class_cruiser,1,02.Arleigh_Burke-class_destroyer,0.963870
d:\GraduationProjectThree\dataset/ship_cls/test\01.Ticonderoga-class_cruiser\P1303.bmp,0,01.Ticonderoga-class_cruiser,0,01.Ticonderoga-class_cruiser,0.999493
d:\GraduationProjectThree\dataset/ship_cls/test\01.Ticonderoga-class_cruiser\P1358.bmp,0,01.Ticonderoga-class_cruiser,0,01.Ticonderoga-class_cruiser,0.999996
d:\GraduationProjectThree\dataset/ship_cls/test\01.Ticonderoga-class_cruiser\P1435.bmp,0,01.Ticonderoga-class_cruiser,0,01.Ticonderoga-class_cruiser,0.999995
d:\GraduationProjectThree\dataset/ship_cls/test\01.Ticonderoga-class_cruiser\P1456.bmp,0,01.Ticonderoga-class_cruiser,0,01.Ticonderoga-class_cruiser,0.999912
d:\GraduationProjectThree\dataset/ship_cls/test\01.Ticonderoga-class_cruiser\P1474.bmp,0,01.Ticonderoga-class_cruiser,0,01.Ticonderoga-class_cruiser,0.999972
d:\GraduationProjectThree\dataset/ship_cls/test\01.Ticonderoga-class_cruiser\P1659.bmp,0,01.Ticonderoga-class_cruiser,0,01.Ticonderoga-class_cruiser,0.995751
d:\GraduationProjectThree\dataset/ship_cls/test\01.Ticonderoga-class_cruiser\P1762.bmp,0,01.Ticonderoga-class_cruiser,0,01.Ticonderoga-class_cruiser,0.999367
d:\GraduationProjectThree\dataset/ship_cls/test\01.Ticonderoga-class_cruiser\P1889.bmp,0,01.Ticonderoga-class_cruiser,0,01.Ticonderoga-class_cruiser,0.999999
d:\GraduationProjectThree\dataset/ship_cls/test\01.Ticonderoga-class_cruiser\P1954.bmp,0,01.Ticonderoga-class_cruiser,0,01.Ticonderoga-class_cruiser,0.999998
d:\GraduationProjectThree\dataset/ship_cls/test\01.Ticonderoga-class_cruiser\P2177.bmp,0,01.Ticonderoga-class_cruiser,0,01.Ticonderoga-class_cruiser,0.999997
d:\GraduationProjectThree\dataset/ship_cls/test\01.Ticonderoga-class_cruiser\P2220.bmp,0,01.Ticonderoga-class_cruiser,0,01.Ticonderoga-class_cruiser,0.999996
d:\GraduationProjectThree\dataset/ship_cls/test\01.Ticonderoga-class_cruiser\P2285.bmp,0,01.Ticonderoga-class_cruiser,0,01.Ticonderoga-class_cruiser,0.999882
d:\GraduationProjectThree\dataset/ship_cls/test\01.Ticonderoga-class_cruiser\P2344.bmp,0,01.Ticonderoga-class_cruiser,0,01.Ticonderoga-class_cruiser,0.999890
d:\GraduationProjectThree\dataset/ship_cls/test\01.Ticonderoga-class_cruiser\P2419.bmp,0,01.Ticonderoga-class_cruiser,0,01.Ticonderoga-class_cruiser,0.999994
d:\GraduationProjectThree\dataset/ship_cls/test\01.Ticonderoga-class_cruiser\P2656.bmp,0,01.Ticonderoga-class_cruiser,0,01.Ticonderoga-class_cruiser,0.999999
d:\GraduationProjectThree\dataset/ship_cls/test\01.Ticonderoga-class_cruiser\P2757.bmp,0,01.Ticonderoga-class_cruiser,0,01.Ticonderoga-class_cruiser,0.999998
d:\GraduationProjectThree\dataset/ship_cls/test\01.Ticonderoga-class_cruiser\P2792.bmp,0,01.Ticonderoga-class_cruiser,0,01.Ticonderoga-class_cruiser,0.999984
d:\GraduationProjectThree\dataset/ship_cls/test\01.Ticonderoga-class_cruiser\P2897.bmp,0,01.Ticonderoga-class_cruiser,0,01.Ticonderoga-class_cruiser,0.999969
d:\GraduationProjectThree\dataset/ship_cls/test\01.Ticonderoga-class_cruiser\P3069.bmp,0,01.Ticonderoga-class_cruiser,0,01.Ticonderoga-class_cruiser,0.999937
d:\GraduationProjectThree\dataset/ship_cls/test\01.Ticonderoga-class_cruiser\P3128.bmp,0,01.Ticonderoga-class_cruiser,0,01.Ticonderoga-class_cruiser,1.000000
d:\GraduationProjectThree\dataset/ship_cls/test\01.Ticonderoga-class_cruiser\P3144.bmp,0,01.Ticonderoga-class_cruiser,0,01.Ticonderoga-class_cruiser,0.999929
d:\GraduationProjectThree\dataset/ship_cls/test\01.Ticonderoga-class_cruiser\P3206.bmp,0,01.Ticonderoga-class_cruiser,6,07.Whitby_Island-class_dock_landing_ship,0.969030
d:\GraduationProjectThree\dataset/ship_cls/test\01.Ticonderoga-class_cruiser\P3316.bmp,0,01.Ticonderoga-class_cruiser,0,01.Ticonderoga-class_cruiser,0.999999
d:\GraduationProjectThree\dataset/ship_cls/test\01.Ticonderoga-class_cruiser\P3329.bmp,0,01.Ticonderoga-class_cruiser,0,01.Ticonderoga-class_cruiser,0.999970
d:\GraduationProjectThree\dataset/ship_cls/test\01.Ticonderoga-class_cruiser\P3337.bmp,0,01.Ticonderoga-class_cruiser,0,01.Ticonderoga-class_cruiser,0.999997
d:\GraduationProjectThree\dataset/ship_cls/test\01.Ticonderoga-class_cruiser\P3340.bmp,0,01.Ticonderoga-class_cruiser,0,01.Ticonderoga-class_cruiser,0.999756
d:\GraduationProjectThree\dataset/ship_cls/test\01.Ticonderoga-class_cruiser\P3465.bmp,0,01.Ticonderoga-class_cruiser,0,01.Ticonderoga-class_cruiser,0.999997
d:\GraduationProjectThree\dataset/ship_cls/test\01.Ticonderoga-class_cruiser\P4098.bmp,0,01.Ticonderoga-class_cruiser,0,01.Ticonderoga-class_cruiser,0.999997
d:\GraduationProjectThree\dataset/ship_cls/test\01.Ticonderoga-class_cruiser\P4288.bmp,0,01.Ticonderoga-class_cruiser,0,01.Ticonderoga-class_cruiser,0.999982
d:\GraduationProjectThree\dataset/ship_cls/test\01.Ticonderoga-class_cruiser\P4506.bmp,0,01.Ticonderoga-class_cruiser,0,01.Ticonderoga-class_cruiser,0.999999
d:\GraduationProjectThree\dataset/ship_cls/test\01.Ticonderoga-class_cruiser\P4717.bmp,0,01.Ticonderoga-class_cruiser,0,01.Ticonderoga-class_cruiser,0.999895
d:\GraduationProjectThree\dataset/ship_cls/test\01.Ticonderoga-class_cruiser\P4770.bmp,0,01.Ticonderoga-class_cruiser,0,01.Ticonderoga-class_cruiser,0.999999
d:\GraduationProjectThree\dataset/ship_cls/test\01.Ticonderoga-class_cruiser\P4862.bmp,0,01.Ticonderoga-class_cruiser,0,01.Ticonderoga-class_cruiser,0.999972
d:\GraduationProjectThree\dataset/ship_cls/test\01.Ticonderoga-class_cruiser\P4870.bmp,0,01.Ticonderoga-class_cruiser,0,01.Ticonderoga-class_cruiser,0.999991
d:\GraduationProjectThree\dataset/ship_cls/test\01.Ticonderoga-class_cruiser\P4882.bmp,0,01.Ticonderoga-class_cruiser,0,01.Ticonderoga-class_cruiser,0.998953
d:\GraduationProjectThree\dataset/ship_cls/test\01.Ticonderoga-class_cruiser\P4891.bmp,0,01.Ticonderoga-class_cruiser,0,01.Ticonderoga-class_cruiser,0.999997
d:\GraduationProjectThree\dataset/ship_cls/test\01.Ticonderoga-class_cruiser\P4926.bmp,0,01.Ticonderoga-class_cruiser,0,01.Ticonderoga-class_cruiser,0.999996
d:\GraduationProjectThree\dataset/ship_cls/test\01.Ticonderoga-class_cruiser\P4958.bmp,0,01.Ticonderoga-class_cruiser,0,01.Ticonderoga-class_cruiser,0.994320
d:\GraduationProjectThree\dataset/ship_cls/test\01.Ticonderoga-class_cruiser\P4998.bmp,0,01.Ticonderoga-class_cruiser,0,01.Ticonderoga-class_cruiser,0.999976
d:\GraduationProjectThree\dataset/ship_cls/test\01.Ticonderoga-class_cruiser\P5117.bmp,0,01.Ticonderoga-class_cruiser,0,01.Ticonderoga-class_cruiser,0.999998
d:\GraduationProjectThree\dataset/ship_cls/test\01.Ticonderoga-class_cruiser\P5963.bmp,0,01.Ticonderoga-class_cruiser,0,01.Ticonderoga-class_cruiser,0.999999
d:\GraduationProjectThree\dataset/ship_cls/test\01.Ticonderoga-class_cruiser\P6259.bmp,0,01.Ticonderoga-class_cruiser,0,01.Ticonderoga-class_cruiser,0.999998
d:\GraduationProjectThree\dataset/ship_cls/test\01.Ticonderoga-class_cruiser\P6366.bmp,0,01.Ticonderoga-class_cruiser,0,01.Ticonderoga-class_cruiser,0.996192
d:\GraduationProjectThree\dataset/ship_cls/test\01.Ticonderoga-class_cruiser\P6455.bmp,0,01.Ticonderoga-class_cruiser,0,01.Ticonderoga-class_cruiser,0.999990
d:\GraduationProjectThree\dataset/ship_cls/test\01.Ticonderoga-class_cruiser\P6904.bmp,0,01.Ticonderoga-class_cruiser,0,01.Ticonderoga-class_cruiser,0.999922
d:\GraduationProjectThree\dataset/ship_cls/test\01.Ticonderoga-class_cruiser\P7038.bmp,0,01.Ticonderoga-class_cruiser,0,01.Ticonderoga-class_cruiser,0.999947
d:\GraduationProjectThree\dataset/ship_cls/test\01.Ticonderoga-class_cruiser\P7067.bmp,0,01.Ticonderoga-class_cruiser,0,01.Ticonderoga-class_cruiser,0.996407
d:\GraduationProjectThree\dataset/ship_cls/test\01.Ticonderoga-class_cruiser\P7116.bmp,0,01.Ticonderoga-class_cruiser,0,01.Ticonderoga-class_cruiser,0.821423
d:\GraduationProjectThree\dataset/ship_cls/test\01.Ticonderoga-class_cruiser\P7169.bmp,0,01.Ticonderoga-class_cruiser,0,01.Ticonderoga-class_cruiser,0.992525
d:\GraduationProjectThree\dataset/ship_cls/test\01.Ticonderoga-class_cruiser\P7181.bmp,0,01.Ticonderoga-class_cruiser,0,01.Ticonderoga-class_cruiser,0.999484
d:\GraduationProjectThree\dataset/ship_cls/test\02.Arleigh_Burke-class_destroyer\P0015.bmp,1,02.Arleigh_Burke-class_destroyer,1,02.Arleigh_Burke-class_destroyer,0.999921
d:\GraduationProjectThree\dataset/ship_cls/test\02.Arleigh_Burke-class_destroyer\P0128.bmp,1,02.Arleigh_Burke-class_destroyer,1,02.Arleigh_Burke-class_destroyer,1.000000
d:\GraduationProjectThree\dataset/ship_cls/test\02.Arleigh_Burke-class_destroyer\P0252.bmp,1,02.Arleigh_Burke-class_destroyer,1,02.Arleigh_Burke-class_destroyer,0.998061
d:\GraduationProjectThree\dataset/ship_cls/test\02.Arleigh_Burke-class_destroyer\P0286.bmp,1,02.Arleigh_Burke-class_destroyer,1,02.Arleigh_Burke-class_destroyer,1.000000
d:\GraduationProjectThree\dataset/ship_cls/test\02.Arleigh_Burke-class_destroyer\P0305.bmp,1,02.Arleigh_Burke-class_destroyer,1,02.Arleigh_Burke-class_destroyer,1.000000
d:\GraduationProjectThree\dataset/ship_cls/test\02.Arleigh_Burke-class_destroyer\P0424.bmp,1,02.Arleigh_Burke-class_destroyer,1,02.Arleigh_Burke-class_destroyer,0.999453
d:\GraduationProjectThree\dataset/ship_cls/test\02.Arleigh_Burke-class_destroyer\P0433.bmp,1,02.Arleigh_Burke-class_destroyer,1,02.Arleigh_Burke-class_destroyer,0.999998
d:\GraduationProjectThree\dataset/ship_cls/test\02.Arleigh_Burke-class_destroyer\P0526.bmp,1,02.Arleigh_Burke-class_destroyer,1,02.Arleigh_Burke-class_destroyer,0.999858
d:\GraduationProjectThree\dataset/ship_cls/test\02.Arleigh_Burke-class_destroyer\P0564.bmp,1,02.Arleigh_Burke-class_destroyer,1,02.Arleigh_Burke-class_destroyer,0.544713
d:\GraduationProjectThree\dataset/ship_cls/test\02.Arleigh_Burke-class_destroyer\P0594.bmp,1,02.Arleigh_Burke-class_destroyer,1,02.Arleigh_Burke-class_destroyer,0.999981
d:\GraduationProjectThree\dataset/ship_cls/test\02.Arleigh_Burke-class_destroyer\P0671.bmp,1,02.Arleigh_Burke-class_destroyer,1,02.Arleigh_Burke-class_destroyer,0.999980
d:\GraduationProjectThree\dataset/ship_cls/test\02.Arleigh_Burke-class_destroyer\P1074.bmp,1,02.Arleigh_Burke-class_destroyer,1,02.Arleigh_Burke-class_destroyer,0.999997
d:\GraduationProjectThree\dataset/ship_cls/test\02.Arleigh_Burke-class_destroyer\P1139.bmp,1,02.Arleigh_Burke-class_destroyer,1,02.Arleigh_Burke-class_destroyer,1.000000
d:\GraduationProjectThree\dataset/ship_cls/test\02.Arleigh_Burke-class_destroyer\P1158.bmp,1,02.Arleigh_Burke-class_destroyer,1,02.Arleigh_Burke-class_destroyer,0.997797
d:\GraduationProjectThree\dataset/ship_cls/test\02.Arleigh_Burke-class_destroyer\P1244.bmp,1,02.Arleigh_Burke-class_destroyer,1,02.Arleigh_Burke-class_destroyer,0.999995
d:\GraduationProjectThree\dataset/ship_cls/test\02.Arleigh_Burke-class_destroyer\P1268.bmp,1,02.Arleigh_Burke-class_destroyer,1,02.Arleigh_Burke-class_destroyer,1.000000
d:\GraduationProjectThree\dataset/ship_cls/test\02.Arleigh_Burke-class_destroyer\P1326.bmp,1,02.Arleigh_Burke-class_destroyer,1,02.Arleigh_Burke-class_destroyer,0.999976
d:\GraduationProjectThree\dataset/ship_cls/test\02.Arleigh_Burke-class_destroyer\P1334.bmp,1,02.Arleigh_Burke-class_destroyer,1,02.Arleigh_Burke-class_destroyer,0.998328
d:\GraduationProjectThree\dataset/ship_cls/test\02.Arleigh_Burke-class_destroyer\P1340.bmp,1,02.Arleigh_Burke-class_destroyer,1,02.Arleigh_Burke-class_destroyer,1.000000
d:\GraduationProjectThree\dataset/ship_cls/test\02.Arleigh_Burke-class_destroyer\P1341.bmp,1,02.Arleigh_Burke-class_destroyer,1,02.Arleigh_Burke-class_destroyer,0.993767
d:\GraduationProjectThree\dataset/ship_cls/test\02.Arleigh_Burke-class_destroyer\P1371.bmp,1,02.Arleigh_Burke-class_destroyer,7,08.San_Antonio-class_transport_dock,0.380686
d:\GraduationProjectThree\dataset/ship_cls/test\02.Arleigh_Burke-class_destroyer\P1404.bmp,1,02.Arleigh_Burke-class_destroyer,1,02.Arleigh_Burke-class_destroyer,1.000000
d:\GraduationProjectThree\dataset/ship_cls/test\02.Arleigh_Burke-class_destroyer\P1433.bmp,1,02.Arleigh_Burke-class_destroyer,1,02.Arleigh_Burke-class_destroyer,0.999991
d:\GraduationProjectThree\dataset/ship_cls/test\02.Arleigh_Burke-class_destroyer\P1710.bmp,1,02.Arleigh_Burke-class_destroyer,1,02.Arleigh_Burke-class_destroyer,0.952745
d:\GraduationProjectThree\dataset/ship_cls/test\02.Arleigh_Burke-class_destroyer\P1795.bmp,1,02.Arleigh_Burke-class_destroyer,1,02.Arleigh_Burke-class_destroyer,1.000000
d:\GraduationProjectThree\dataset/ship_cls/test\02.Arleigh_Burke-class_destroyer\P1851.bmp,1,02.Arleigh_Burke-class_destroyer,1,02.Arleigh_Burke-class_destroyer,0.999986
d:\GraduationProjectThree\dataset/ship_cls/test\02.Arleigh_Burke-class_destroyer\P1854.bmp,1,02.Arleigh_Burke-class_destroyer,1,02.Arleigh_Burke-class_destroyer,1.000000
d:\GraduationProjectThree\dataset/ship_cls/test\02.Arleigh_Burke-class_destroyer\P1940.bmp,1,02.Arleigh_Burke-class_destroyer,1,02.Arleigh_Burke-class_destroyer,0.999994
d:\GraduationProjectThree\dataset/ship_cls/test\02.Arleigh_Burke-class_destroyer\P2056.bmp,1,02.Arleigh_Burke-class_destroyer,1,02.Arleigh_Burke-class_destroyer,0.999994
d:\GraduationProjectThree\dataset/ship_cls/test\02.Arleigh_Burke-class_destroyer\P2085.bmp,1,02.Arleigh_Burke-class_destroyer,1,02.Arleigh_Burke-class_destroyer,0.998536
d:\GraduationProjectThree\dataset/ship_cls/test\02.Arleigh_Burke-class_destroyer\P2168.bmp,1,02.Arleigh_Burke-class_destroyer,1,02.Arleigh_Burke-class_destroyer,1.000000
d:\GraduationProjectThree\dataset/ship_cls/test\02.Arleigh_Burke-class_destroyer\P2234.bmp,1,02.Arleigh_Burke-class_destroyer,1,02.Arleigh_Burke-class_destroyer,0.997609
d:\GraduationProjectThree\dataset/ship_cls/test\02.Arleigh_Burke-class_destroyer\P2243.bmp,1,02.Arleigh_Burke-class_destroyer,1,02.Arleigh_Burke-class_destroyer,0.999999
d:\GraduationProjectThree\dataset/ship_cls/test\02.Arleigh_Burke-class_destroyer\P2299.bmp,1,02.Arleigh_Burke-class_destroyer,1,02.Arleigh_Burke-class_destroyer,1.000000
d:\GraduationProjectThree\dataset/ship_cls/test\02.Arleigh_Burke-class_destroyer\P2386.bmp,1,02.Arleigh_Burke-class_destroyer,1,02.Arleigh_Burke-class_destroyer,0.999985
d:\GraduationProjectThree\dataset/ship_cls/test\02.Arleigh_Burke-class_destroyer\P2420.bmp,1,02.Arleigh_Burke-class_destroyer,1,02.Arleigh_Burke-class_destroyer,0.997612
d:\GraduationProjectThree\dataset/ship_cls/test\02.Arleigh_Burke-class_destroyer\P2434.bmp,1,02.Arleigh_Burke-class_destroyer,1,02.Arleigh_Burke-class_destroyer,1.000000
d:\GraduationProjectThree\dataset/ship_cls/test\02.Arleigh_Burke-class_destroyer\P2481.bmp,1,02.Arleigh_Burke-class_destroyer,1,02.Arleigh_Burke-class_destroyer,0.919689
d:\GraduationProjectThree\dataset/ship_cls/test\02.Arleigh_Burke-class_destroyer\P2576.bmp,1,02.Arleigh_Burke-class_destroyer,1,02.Arleigh_Burke-class_destroyer,0.999999
d:\GraduationProjectThree\dataset/ship_cls/test\02.Arleigh_Burke-class_destroyer\P2654.bmp,1,02.Arleigh_Burke-class_destroyer,1,02.Arleigh_Burke-class_destroyer,0.725611
d:\GraduationProjectThree\dataset/ship_cls/test\02.Arleigh_Burke-class_destroyer\P2829.bmp,1,02.Arleigh_Burke-class_destroyer,1,02.Arleigh_Burke-class_destroyer,1.000000
d:\GraduationProjectThree\dataset/ship_cls/test\02.Arleigh_Burke-class_destroyer\P2878.bmp,1,02.Arleigh_Burke-class_destroyer,1,02.Arleigh_Burke-class_destroyer,0.999999
d:\GraduationProjectThree\dataset/ship_cls/test\02.Arleigh_Burke-class_destroyer\P2917.bmp,1,02.Arleigh_Burke-class_destroyer,1,02.Arleigh_Burke-class_destroyer,1.000000
d:\GraduationProjectThree\dataset/ship_cls/test\02.Arleigh_Burke-class_destroyer\P2934.bmp,1,02.Arleigh_Burke-class_destroyer,1,02.Arleigh_Burke-class_destroyer,0.605004
d:\GraduationProjectThree\dataset/ship_cls/test\02.Arleigh_Burke-class_destroyer\P2961.bmp,1,02.Arleigh_Burke-class_destroyer,1,02.Arleigh_Burke-class_destroyer,1.000000
d:\GraduationProjectThree\dataset/ship_cls/test\02.Arleigh_Burke-class_destroyer\P3123.bmp,1,02.Arleigh_Burke-class_destroyer,1,02.Arleigh_Burke-class_destroyer,1.000000
d:\GraduationProjectThree\dataset/ship_cls/test\02.Arleigh_Burke-class_destroyer\P3135.bmp,1,02.Arleigh_Burke-class_destroyer,1,02.Arleigh_Burke-class_destroyer,0.999979
d:\GraduationProjectThree\dataset/ship_cls/test\02.Arleigh_Burke-class_destroyer\P3205.bmp,1,02.Arleigh_Burke-class_destroyer,1,02.Arleigh_Burke-class_destroyer,1.000000
d:\GraduationProjectThree\dataset/ship_cls/test\02.Arleigh_Burke-class_destroyer\P3604.bmp,1,02.Arleigh_Burke-class_destroyer,1,02.Arleigh_Burke-class_destroyer,0.999985
d:\GraduationProjectThree\dataset/ship_cls/test\02.Arleigh_Burke-class_destroyer\P3605.bmp,1,02.Arleigh_Burke-class_destroyer,1,02.Arleigh_Burke-class_destroyer,0.999954
d:\GraduationProjectThree\dataset/ship_cls/test\02.Arleigh_Burke-class_destroyer\P3622.bmp,1,02.Arleigh_Burke-class_destroyer,1,02.Arleigh_Burke-class_destroyer,0.857708
d:\GraduationProjectThree\dataset/ship_cls/test\02.Arleigh_Burke-class_destroyer\P3634.bmp,1,02.Arleigh_Burke-class_destroyer,1,02.Arleigh_Burke-class_destroyer,1.000000
d:\GraduationProjectThree\dataset/ship_cls/test\02.Arleigh_Burke-class_destroyer\P3704.bmp,1,02.Arleigh_Burke-class_destroyer,1,02.Arleigh_Burke-class_destroyer,1.000000
d:\GraduationProjectThree\dataset/ship_cls/test\02.Arleigh_Burke-class_destroyer\P3718.bmp,1,02.Arleigh_Burke-class_destroyer,1,02.Arleigh_Burke-class_destroyer,0.999989
d:\GraduationProjectThree\dataset/ship_cls/test\02.Arleigh_Burke-class_destroyer\P3859.bmp,1,02.Arleigh_Burke-class_destroyer,1,02.Arleigh_Burke-class_destroyer,1.000000
d:\GraduationProjectThree\dataset/ship_cls/test\02.Arleigh_Burke-class_destroyer\P4335.bmp,1,02.Arleigh_Burke-class_destroyer,1,02.Arleigh_Burke-class_destroyer,0.999937
d:\GraduationProjectThree\dataset/ship_cls/test\02.Arleigh_Burke-class_destroyer\P4365.bmp,1,02.Arleigh_Burke-class_destroyer,1,02.Arleigh_Burke-class_destroyer,0.999992
d:\GraduationProjectThree\dataset/ship_cls/test\02.Arleigh_Burke-class_destroyer\P4449.bmp,1,02.Arleigh_Burke-class_destroyer,1,02.Arleigh_Burke-class_destroyer,0.999997
d:\GraduationProjectThree\dataset/ship_cls/test\03.Akizuki-class_destroyer\P3513.bmp,2,03.Akizuki-class_destroyer,2,03.Akizuki-class_destroyer,0.976606
d:\GraduationProjectThree\dataset/ship_cls/test\04.Wasp-class_assault_ship\P0051.bmp,3,04.Wasp-class_assault_ship,3,04.Wasp-class_assault_ship,1.000000
d:\GraduationProjectThree\dataset/ship_cls/test\04.Wasp-class_assault_ship\P0177.bmp,3,04.Wasp-class_assault_ship,3,04.Wasp-class_assault_ship,0.999998
d:\GraduationProjectThree\dataset/ship_cls/test\04.Wasp-class_assault_ship\P0639.bmp,3,04.Wasp-class_assault_ship,3,04.Wasp-class_assault_ship,0.999885
d:\GraduationProjectThree\dataset/ship_cls/test\04.Wasp-class_assault_ship\P0766.bmp,3,04.Wasp-class_assault_ship,3,04.Wasp-class_assault_ship,0.999980
d:\GraduationProjectThree\dataset/ship_cls/test\04.Wasp-class_assault_ship\P0932.bmp,3,04.Wasp-class_assault_ship,3,04.Wasp-class_assault_ship,0.999997
d:\GraduationProjectThree\dataset/ship_cls/test\04.Wasp-class_assault_ship\P1069.bmp,3,04.Wasp-class_assault_ship,3,04.Wasp-class_assault_ship,0.999999
d:\GraduationProjectThree\dataset/ship_cls/test\04.Wasp-class_assault_ship\P1610.bmp,3,04.Wasp-class_assault_ship,3,04.Wasp-class_assault_ship,0.999915
d:\GraduationProjectThree\dataset/ship_cls/test\04.Wasp-class_assault_ship\P1678.bmp,3,04.Wasp-class_assault_ship,3,04.Wasp-class_assault_ship,1.000000
d:\GraduationProjectThree\dataset/ship_cls/test\04.Wasp-class_assault_ship\P1872.bmp,3,04.Wasp-class_assault_ship,3,04.Wasp-class_assault_ship,0.999998
d:\GraduationProjectThree\dataset/ship_cls/test\04.Wasp-class_assault_ship\P2075.bmp,3,04.Wasp-class_assault_ship,3,04.Wasp-class_assault_ship,0.999942
d:\GraduationProjectThree\dataset/ship_cls/test\04.Wasp-class_assault_ship\P2281.bmp,3,04.Wasp-class_assault_ship,3,04.Wasp-class_assault_ship,0.997817
d:\GraduationProjectThree\dataset/ship_cls/test\04.Wasp-class_assault_ship\P2289.bmp,3,04.Wasp-class_assault_ship,3,04.Wasp-class_assault_ship,0.999995
d:\GraduationProjectThree\dataset/ship_cls/test\04.Wasp-class_assault_ship\P2358.bmp,3,04.Wasp-class_assault_ship,3,04.Wasp-class_assault_ship,0.999992
d:\GraduationProjectThree\dataset/ship_cls/test\04.Wasp-class_assault_ship\P2361.bmp,3,04.Wasp-class_assault_ship,3,04.Wasp-class_assault_ship,0.948602
d:\GraduationProjectThree\dataset/ship_cls/test\04.Wasp-class_assault_ship\P2901.bmp,3,04.Wasp-class_assault_ship,3,04.Wasp-class_assault_ship,0.999997
d:\GraduationProjectThree\dataset/ship_cls/test\04.Wasp-class_assault_ship\P3189.bmp,3,04.Wasp-class_assault_ship,3,04.Wasp-class_assault_ship,0.999877
d:\GraduationProjectThree\dataset/ship_cls/test\04.Wasp-class_assault_ship\P3468.bmp,3,04.Wasp-class_assault_ship,3,04.Wasp-class_assault_ship,0.999982
d:\GraduationProjectThree\dataset/ship_cls/test\04.Wasp-class_assault_ship\P3660.bmp,3,04.Wasp-class_assault_ship,3,04.Wasp-class_assault_ship,0.999699
d:\GraduationProjectThree\dataset/ship_cls/test\04.Wasp-class_assault_ship\P3728.bmp,3,04.Wasp-class_assault_ship,3,04.Wasp-class_assault_ship,0.999996
d:\GraduationProjectThree\dataset/ship_cls/test\04.Wasp-class_assault_ship\P3929.bmp,3,04.Wasp-class_assault_ship,3,04.Wasp-class_assault_ship,0.999995
d:\GraduationProjectThree\dataset/ship_cls/test\04.Wasp-class_assault_ship\P4124.bmp,3,04.Wasp-class_assault_ship,3,04.Wasp-class_assault_ship,1.000000
d:\GraduationProjectThree\dataset/ship_cls/test\04.Wasp-class_assault_ship\P4268.bmp,3,04.Wasp-class_assault_ship,3,04.Wasp-class_assault_ship,0.999997
d:\GraduationProjectThree\dataset/ship_cls/test\04.Wasp-class_assault_ship\P4322.bmp,3,04.Wasp-class_assault_ship,3,04.Wasp-class_assault_ship,0.999998
d:\GraduationProjectThree\dataset/ship_cls/test\04.Wasp-class_assault_ship\P4392.bmp,3,04.Wasp-class_assault_ship,3,04.Wasp-class_assault_ship,0.998650
d:\GraduationProjectThree\dataset/ship_cls/test\04.Wasp-class_assault_ship\P4393.bmp,3,04.Wasp-class_assault_ship,3,04.Wasp-class_assault_ship,0.999998
d:\GraduationProjectThree\dataset/ship_cls/test\04.Wasp-class_assault_ship\P4472.bmp,3,04.Wasp-class_assault_ship,3,04.Wasp-class_assault_ship,0.999998
d:\GraduationProjectThree\dataset/ship_cls/test\04.Wasp-class_assault_ship\P4682.bmp,3,04.Wasp-class_assault_ship,3,04.Wasp-class_assault_ship,0.999997
d:\GraduationProjectThree\dataset/ship_cls/test\04.Wasp-class_assault_ship\P4700.bmp,3,04.Wasp-class_assault_ship,3,04.Wasp-class_assault_ship,0.999995
d:\GraduationProjectThree\dataset/ship_cls/test\04.Wasp-class_assault_ship\P4857.bmp,3,04.Wasp-class_assault_ship,3,04.Wasp-class_assault_ship,0.999998
d:\GraduationProjectThree\dataset/ship_cls/test\04.Wasp-class_assault_ship\P5012.bmp,3,04.Wasp-class_assault_ship,3,04.Wasp-class_assault_ship,0.998223
d:\GraduationProjectThree\dataset/ship_cls/test\04.Wasp-class_assault_ship\P5312.bmp,3,04.Wasp-class_assault_ship,3,04.Wasp-class_assault_ship,0.999992
d:\GraduationProjectThree\dataset/ship_cls/test\04.Wasp-class_assault_ship\P5317.bmp,3,04.Wasp-class_assault_ship,3,04.Wasp-class_assault_ship,0.997494
d:\GraduationProjectThree\dataset/ship_cls/test\04.Wasp-class_assault_ship\P5434.bmp,3,04.Wasp-class_assault_ship,3,04.Wasp-class_assault_ship,0.999999
d:\GraduationProjectThree\dataset/ship_cls/test\04.Wasp-class_assault_ship\P5591.bmp,3,04.Wasp-class_assault_ship,3,04.Wasp-class_assault_ship,0.999959
d:\GraduationProjectThree\dataset/ship_cls/test\04.Wasp-class_assault_ship\P6116.bmp,3,04.Wasp-class_assault_ship,3,04.Wasp-class_assault_ship,0.999965
d:\GraduationProjectThree\dataset/ship_cls/test\04.Wasp-class_assault_ship\P6974.bmp,3,04.Wasp-class_assault_ship,3,04.Wasp-class_assault_ship,1.000000
d:\GraduationProjectThree\dataset/ship_cls/test\04.Wasp-class_assault_ship\P6999.bmp,3,04.Wasp-class_assault_ship,3,04.Wasp-class_assault_ship,0.999998
d:\GraduationProjectThree\dataset/ship_cls/test\04.Wasp-class_assault_ship\P7862.bmp,3,04.Wasp-class_assault_ship,3,04.Wasp-class_assault_ship,0.999998
d:\GraduationProjectThree\dataset/ship_cls/test\04.Wasp-class_assault_ship\P8026.bmp,3,04.Wasp-class_assault_ship,3,04.Wasp-class_assault_ship,0.999997
d:\GraduationProjectThree\dataset/ship_cls/test\04.Wasp-class_assault_ship\P8231.bmp,3,04.Wasp-class_assault_ship,3,04.Wasp-class_assault_ship,0.999999
d:\GraduationProjectThree\dataset/ship_cls/test\04.Wasp-class_assault_ship\P8391.bmp,3,04.Wasp-class_assault_ship,3,04.Wasp-class_assault_ship,0.999995
d:\GraduationProjectThree\dataset/ship_cls/test\04.Wasp-class_assault_ship\P8788.bmp,3,04.Wasp-class_assault_ship,3,04.Wasp-class_assault_ship,0.999998
d:\GraduationProjectThree\dataset/ship_cls/test\04.Wasp-class_assault_ship\P8868.bmp,3,04.Wasp-class_assault_ship,3,04.Wasp-class_assault_ship,0.999986
d:\GraduationProjectThree\dataset/ship_cls/test\04.Wasp-class_assault_ship\P9629.bmp,3,04.Wasp-class_assault_ship,3,04.Wasp-class_assault_ship,0.999997
d:\GraduationProjectThree\dataset/ship_cls/test\04.Wasp-class_assault_ship\P9888.bmp,3,04.Wasp-class_assault_ship,3,04.Wasp-class_assault_ship,0.999998
d:\GraduationProjectThree\dataset/ship_cls/test\05.Hyuga-class_helicopter_destroyer\P2444.bmp,4,05.Hyuga-class_helicopter_destroyer,4,05.Hyuga-class_helicopter_destroyer,0.999574
d:\GraduationProjectThree\dataset/ship_cls/test\05.Hyuga-class_helicopter_destroyer\P8941.bmp,4,05.Hyuga-class_helicopter_destroyer,4,05.Hyuga-class_helicopter_destroyer,0.999975
d:\GraduationProjectThree\dataset/ship_cls/test\06.Lzumo-class_helicopter_destroyer\P1237.bmp,5,06.Lzumo-class_helicopter_destroyer,5,06.Lzumo-class_helicopter_destroyer,0.613304
d:\GraduationProjectThree\dataset/ship_cls/test\06.Lzumo-class_helicopter_destroyer\P1376.bmp,5,06.Lzumo-class_helicopter_destroyer,5,06.Lzumo-class_helicopter_destroyer,0.999994
d:\GraduationProjectThree\dataset/ship_cls/test\06.Lzumo-class_helicopter_destroyer\P4974.bmp,5,06.Lzumo-class_helicopter_destroyer,5,06.Lzumo-class_helicopter_destroyer,1.000000
d:\GraduationProjectThree\dataset/ship_cls/test\06.Lzumo-class_helicopter_destroyer\P5927.bmp,5,06.Lzumo-class_helicopter_destroyer,5,06.Lzumo-class_helicopter_destroyer,1.000000
d:\GraduationProjectThree\dataset/ship_cls/test\06.Lzumo-class_helicopter_destroyer\P6089.bmp,5,06.Lzumo-class_helicopter_destroyer,5,06.Lzumo-class_helicopter_destroyer,1.000000
d:\GraduationProjectThree\dataset/ship_cls/test\06.Lzumo-class_helicopter_destroyer\P9790.bmp,5,06.Lzumo-class_helicopter_destroyer,5,06.Lzumo-class_helicopter_destroyer,1.000000
d:\GraduationProjectThree\dataset/ship_cls/test\07.Whitby_Island-class_dock_landing_ship\P0215.bmp,6,07.Whitby_Island-class_dock_landing_ship,6,07.Whitby_Island-class_dock_landing_ship,0.987683
d:\GraduationProjectThree\dataset/ship_cls/test\07.Whitby_Island-class_dock_landing_ship\P0355.bmp,6,07.Whitby_Island-class_dock_landing_ship,6,07.Whitby_Island-class_dock_landing_ship,0.999659
d:\GraduationProjectThree\dataset/ship_cls/test\07.Whitby_Island-class_dock_landing_ship\P1213.bmp,6,07.Whitby_Island-class_dock_landing_ship,6,07.Whitby_Island-class_dock_landing_ship,0.999993
d:\GraduationProjectThree\dataset/ship_cls/test\07.Whitby_Island-class_dock_landing_ship\P1599.bmp,6,07.Whitby_Island-class_dock_landing_ship,6,07.Whitby_Island-class_dock_landing_ship,0.999766
d:\GraduationProjectThree\dataset/ship_cls/test\07.Whitby_Island-class_dock_landing_ship\P1920.bmp,6,07.Whitby_Island-class_dock_landing_ship,6,07.Whitby_Island-class_dock_landing_ship,0.999913
d:\GraduationProjectThree\dataset/ship_cls/test\07.Whitby_Island-class_dock_landing_ship\P2085.bmp,6,07.Whitby_Island-class_dock_landing_ship,6,07.Whitby_Island-class_dock_landing_ship,0.999943
d:\GraduationProjectThree\dataset/ship_cls/test\07.Whitby_Island-class_dock_landing_ship\P2143.bmp,6,07.Whitby_Island-class_dock_landing_ship,6,07.Whitby_Island-class_dock_landing_ship,0.998845
d:\GraduationProjectThree\dataset/ship_cls/test\07.Whitby_Island-class_dock_landing_ship\P2164.bmp,6,07.Whitby_Island-class_dock_landing_ship,6,07.Whitby_Island-class_dock_landing_ship,1.000000
d:\GraduationProjectThree\dataset/ship_cls/test\07.Whitby_Island-class_dock_landing_ship\P2253.bmp,6,07.Whitby_Island-class_dock_landing_ship,6,07.Whitby_Island-class_dock_landing_ship,0.999978
d:\GraduationProjectThree\dataset/ship_cls/test\07.Whitby_Island-class_dock_landing_ship\P2375.bmp,6,07.Whitby_Island-class_dock_landing_ship,6,07.Whitby_Island-class_dock_landing_ship,1.000000
d:\GraduationProjectThree\dataset/ship_cls/test\07.Whitby_Island-class_dock_landing_ship\P2435.bmp,6,07.Whitby_Island-class_dock_landing_ship,6,07.Whitby_Island-class_dock_landing_ship,0.999678
d:\GraduationProjectThree\dataset/ship_cls/test\07.Whitby_Island-class_dock_landing_ship\P2870.bmp,6,07.Whitby_Island-class_dock_landing_ship,6,07.Whitby_Island-class_dock_landing_ship,0.975129
d:\GraduationProjectThree\dataset/ship_cls/test\07.Whitby_Island-class_dock_landing_ship\P3379.bmp,6,07.Whitby_Island-class_dock_landing_ship,6,07.Whitby_Island-class_dock_landing_ship,0.998491
d:\GraduationProjectThree\dataset/ship_cls/test\07.Whitby_Island-class_dock_landing_ship\P3577.bmp,6,07.Whitby_Island-class_dock_landing_ship,6,07.Whitby_Island-class_dock_landing_ship,0.999998
d:\GraduationProjectThree\dataset/ship_cls/test\07.Whitby_Island-class_dock_landing_ship\P4449.bmp,6,07.Whitby_Island-class_dock_landing_ship,6,07.Whitby_Island-class_dock_landing_ship,0.999850
d:\GraduationProjectThree\dataset/ship_cls/test\07.Whitby_Island-class_dock_landing_ship\P5441.bmp,6,07.Whitby_Island-class_dock_landing_ship,6,07.Whitby_Island-class_dock_landing_ship,0.999949
d:\GraduationProjectThree\dataset/ship_cls/test\07.Whitby_Island-class_dock_landing_ship\P6332.bmp,6,07.Whitby_Island-class_dock_landing_ship,6,07.Whitby_Island-class_dock_landing_ship,0.999010
d:\GraduationProjectThree\dataset/ship_cls/test\07.Whitby_Island-class_dock_landing_ship\P6738.bmp,6,07.Whitby_Island-class_dock_landing_ship,6,07.Whitby_Island-class_dock_landing_ship,0.998144
d:\GraduationProjectThree\dataset/ship_cls/test\07.Whitby_Island-class_dock_landing_ship\P7104.bmp,6,07.Whitby_Island-class_dock_landing_ship,6,07.Whitby_Island-class_dock_landing_ship,0.999853
d:\GraduationProjectThree\dataset/ship_cls/test\07.Whitby_Island-class_dock_landing_ship\P7397.bmp,6,07.Whitby_Island-class_dock_landing_ship,6,07.Whitby_Island-class_dock_landing_ship,0.999733
d:\GraduationProjectThree\dataset/ship_cls/test\07.Whitby_Island-class_dock_landing_ship\P7740.bmp,6,07.Whitby_Island-class_dock_landing_ship,6,07.Whitby_Island-class_dock_landing_ship,0.999981
d:\GraduationProjectThree\dataset/ship_cls/test\07.Whitby_Island-class_dock_landing_ship\P7787.bmp,6,07.Whitby_Island-class_dock_landing_ship,6,07.Whitby_Island-class_dock_landing_ship,0.976526
d:\GraduationProjectThree\dataset/ship_cls/test\07.Whitby_Island-class_dock_landing_ship\P7917.bmp,6,07.Whitby_Island-class_dock_landing_ship,6,07.Whitby_Island-class_dock_landing_ship,0.999999
d:\GraduationProjectThree\dataset/ship_cls/test\07.Whitby_Island-class_dock_landing_ship\P7980.bmp,6,07.Whitby_Island-class_dock_landing_ship,6,07.Whitby_Island-class_dock_landing_ship,0.958211
d:\GraduationProjectThree\dataset/ship_cls/test\07.Whitby_Island-class_dock_landing_ship\P8090.bmp,6,07.Whitby_Island-class_dock_landing_ship,6,07.Whitby_Island-class_dock_landing_ship,0.999974
d:\GraduationProjectThree\dataset/ship_cls/test\07.Whitby_Island-class_dock_landing_ship\P9484.bmp,6,07.Whitby_Island-class_dock_landing_ship,6,07.Whitby_Island-class_dock_landing_ship,0.999960
d:\GraduationProjectThree\dataset/ship_cls/test\07.Whitby_Island-class_dock_landing_ship\P9817.bmp,6,07.Whitby_Island-class_dock_landing_ship,6,07.Whitby_Island-class_dock_landing_ship,0.999551
d:\GraduationProjectThree\dataset/ship_cls/test\08.San_Antonio-class_transport_dock\P0422.bmp,7,08.San_Antonio-class_transport_dock,7,08.San_Antonio-class_transport_dock,1.000000
d:\GraduationProjectThree\dataset/ship_cls/test\08.San_Antonio-class_transport_dock\P0428.bmp,7,08.San_Antonio-class_transport_dock,7,08.San_Antonio-class_transport_dock,0.999999
d:\GraduationProjectThree\dataset/ship_cls/test\08.San_Antonio-class_transport_dock\P0652.bmp,7,08.San_Antonio-class_transport_dock,7,08.San_Antonio-class_transport_dock,1.000000
d:\GraduationProjectThree\dataset/ship_cls/test\08.San_Antonio-class_transport_dock\P1413.bmp,7,08.San_Antonio-class_transport_dock,7,08.San_Antonio-class_transport_dock,0.999998
d:\GraduationProjectThree\dataset/ship_cls/test\08.San_Antonio-class_transport_dock\P1734.bmp,7,08.San_Antonio-class_transport_dock,7,08.San_Antonio-class_transport_dock,0.999998
d:\GraduationProjectThree\dataset/ship_cls/test\08.San_Antonio-class_transport_dock\P2382.bmp,7,08.San_Antonio-class_transport_dock,7,08.San_Antonio-class_transport_dock,0.999974
d:\GraduationProjectThree\dataset/ship_cls/test\08.San_Antonio-class_transport_dock\P2705.bmp,7,08.San_Antonio-class_transport_dock,7,08.San_Antonio-class_transport_dock,0.979202
d:\GraduationProjectThree\dataset/ship_cls/test\08.San_Antonio-class_transport_dock\P2719.bmp,7,08.San_Antonio-class_transport_dock,7,08.San_Antonio-class_transport_dock,0.999999
d:\GraduationProjectThree\dataset/ship_cls/test\08.San_Antonio-class_transport_dock\P2788.bmp,7,08.San_Antonio-class_transport_dock,7,08.San_Antonio-class_transport_dock,0.987189
d:\GraduationProjectThree\dataset/ship_cls/test\08.San_Antonio-class_transport_dock\P2813.bmp,7,08.San_Antonio-class_transport_dock,7,08.San_Antonio-class_transport_dock,1.000000
d:\GraduationProjectThree\dataset/ship_cls/test\08.San_Antonio-class_transport_dock\P3190.bmp,7,08.San_Antonio-class_transport_dock,7,08.San_Antonio-class_transport_dock,0.999777
d:\GraduationProjectThree\dataset/ship_cls/test\08.San_Antonio-class_transport_dock\P3289.bmp,7,08.San_Antonio-class_transport_dock,7,08.San_Antonio-class_transport_dock,0.526746
d:\GraduationProjectThree\dataset/ship_cls/test\08.San_Antonio-class_transport_dock\P3357.bmp,7,08.San_Antonio-class_transport_dock,7,08.San_Antonio-class_transport_dock,1.000000
d:\GraduationProjectThree\dataset/ship_cls/test\08.San_Antonio-class_transport_dock\P3640.bmp,7,08.San_Antonio-class_transport_dock,7,08.San_Antonio-class_transport_dock,0.996853
d:\GraduationProjectThree\dataset/ship_cls/test\08.San_Antonio-class_transport_dock\P4516.bmp,7,08.San_Antonio-class_transport_dock,7,08.San_Antonio-class_transport_dock,0.999981
d:\GraduationProjectThree\dataset/ship_cls/test\08.San_Antonio-class_transport_dock\P4881.bmp,7,08.San_Antonio-class_transport_dock,7,08.San_Antonio-class_transport_dock,0.999962
d:\GraduationProjectThree\dataset/ship_cls/test\08.San_Antonio-class_transport_dock\P5320.bmp,7,08.San_Antonio-class_transport_dock,7,08.San_Antonio-class_transport_dock,0.999999
d:\GraduationProjectThree\dataset/ship_cls/test\08.San_Antonio-class_transport_dock\P5780.bmp,7,08.San_Antonio-class_transport_dock,7,08.San_Antonio-class_transport_dock,0.997576
d:\GraduationProjectThree\dataset/ship_cls/test\08.San_Antonio-class_transport_dock\P5798.bmp,7,08.San_Antonio-class_transport_dock,7,08.San_Antonio-class_transport_dock,0.999997
d:\GraduationProjectThree\dataset/ship_cls/test\08.San_Antonio-class_transport_dock\P6120.bmp,7,08.San_Antonio-class_transport_dock,7,08.San_Antonio-class_transport_dock,0.999998
d:\GraduationProjectThree\dataset/ship_cls/test\08.San_Antonio-class_transport_dock\P6129.bmp,7,08.San_Antonio-class_transport_dock,7,08.San_Antonio-class_transport_dock,0.999983
d:\GraduationProjectThree\dataset/ship_cls/test\08.San_Antonio-class_transport_dock\P7190.bmp,7,08.San_Antonio-class_transport_dock,7,08.San_Antonio-class_transport_dock,0.999999
d:\GraduationProjectThree\dataset/ship_cls/test\08.San_Antonio-class_transport_dock\P7444.bmp,7,08.San_Antonio-class_transport_dock,7,08.San_Antonio-class_transport_dock,0.999999
d:\GraduationProjectThree\dataset/ship_cls/test\08.San_Antonio-class_transport_dock\P7624.bmp,7,08.San_Antonio-class_transport_dock,7,08.San_Antonio-class_transport_dock,1.000000
d:\GraduationProjectThree\dataset/ship_cls/test\08.San_Antonio-class_transport_dock\P7720.bmp,7,08.San_Antonio-class_transport_dock,7,08.San_Antonio-class_transport_dock,0.999995
d:\GraduationProjectThree\dataset/ship_cls/test\08.San_Antonio-class_transport_dock\P7774.bmp,7,08.San_Antonio-class_transport_dock,7,08.San_Antonio-class_transport_dock,0.999999
d:\GraduationProjectThree\dataset/ship_cls/test\08.San_Antonio-class_transport_dock\P7799.bmp,7,08.San_Antonio-class_transport_dock,7,08.San_Antonio-class_transport_dock,0.999985
d:\GraduationProjectThree\dataset/ship_cls/test\08.San_Antonio-class_transport_dock\P8277.bmp,7,08.San_Antonio-class_transport_dock,7,08.San_Antonio-class_transport_dock,0.999996
d:\GraduationProjectThree\dataset/ship_cls/test\08.San_Antonio-class_transport_dock\P8806.bmp,7,08.San_Antonio-class_transport_dock,7,08.San_Antonio-class_transport_dock,0.999999
d:\GraduationProjectThree\dataset/ship_cls/test\08.San_Antonio-class_transport_dock\P8994.bmp,7,08.San_Antonio-class_transport_dock,7,08.San_Antonio-class_transport_dock,0.999999
d:\GraduationProjectThree\dataset/ship_cls/test\08.San_Antonio-class_transport_dock\P9110.bmp,7,08.San_Antonio-class_transport_dock,7,08.San_Antonio-class_transport_dock,0.962711
d:\GraduationProjectThree\dataset/ship_cls/test\08.San_Antonio-class_transport_dock\P9271.bmp,7,08.San_Antonio-class_transport_dock,7,08.San_Antonio-class_transport_dock,1.000000
d:\GraduationProjectThree\dataset/ship_cls/test\09.Freedom-class_combat_ship\P0324.bmp,8,09.Freedom-class_combat_ship,8,09.Freedom-class_combat_ship,0.999881
d:\GraduationProjectThree\dataset/ship_cls/test\09.Freedom-class_combat_ship\P0930.bmp,8,09.Freedom-class_combat_ship,8,09.Freedom-class_combat_ship,1.000000
d:\GraduationProjectThree\dataset/ship_cls/test\09.Freedom-class_combat_ship\P1865.bmp,8,09.Freedom-class_combat_ship,8,09.Freedom-class_combat_ship,1.000000
d:\GraduationProjectThree\dataset/ship_cls/test\09.Freedom-class_combat_ship\P2127.bmp,8,09.Freedom-class_combat_ship,8,09.Freedom-class_combat_ship,0.999935
d:\GraduationProjectThree\dataset/ship_cls/test\09.Freedom-class_combat_ship\P2294.bmp,8,09.Freedom-class_combat_ship,8,09.Freedom-class_combat_ship,1.000000
d:\GraduationProjectThree\dataset/ship_cls/test\09.Freedom-class_combat_ship\P3541.bmp,8,09.Freedom-class_combat_ship,8,09.Freedom-class_combat_ship,1.000000
d:\GraduationProjectThree\dataset/ship_cls/test\09.Freedom-class_combat_ship\P4064.bmp,8,09.Freedom-class_combat_ship,8,09.Freedom-class_combat_ship,1.000000
d:\GraduationProjectThree\dataset/ship_cls/test\09.Freedom-class_combat_ship\P4264.bmp,8,09.Freedom-class_combat_ship,8,09.Freedom-class_combat_ship,1.000000
d:\GraduationProjectThree\dataset/ship_cls/test\09.Freedom-class_combat_ship\P4580.bmp,8,09.Freedom-class_combat_ship,8,09.Freedom-class_combat_ship,1.000000
d:\GraduationProjectThree\dataset/ship_cls/test\09.Freedom-class_combat_ship\P5466.bmp,8,09.Freedom-class_combat_ship,8,09.Freedom-class_combat_ship,1.000000
d:\GraduationProjectThree\dataset/ship_cls/test\09.Freedom-class_combat_ship\P6164.bmp,8,09.Freedom-class_combat_ship,8,09.Freedom-class_combat_ship,1.000000
d:\GraduationProjectThree\dataset/ship_cls/test\09.Freedom-class_combat_ship\P6847.bmp,8,09.Freedom-class_combat_ship,8,09.Freedom-class_combat_ship,1.000000
d:\GraduationProjectThree\dataset/ship_cls/test\09.Freedom-class_combat_ship\P7806.bmp,8,09.Freedom-class_combat_ship,8,09.Freedom-class_combat_ship,1.000000
d:\GraduationProjectThree\dataset/ship_cls/test\09.Freedom-class_combat_ship\P8235.bmp,8,09.Freedom-class_combat_ship,8,09.Freedom-class_combat_ship,1.000000
d:\GraduationProjectThree\dataset/ship_cls/test\09.Freedom-class_combat_ship\P8829.bmp,8,09.Freedom-class_combat_ship,8,09.Freedom-class_combat_ship,1.000000
d:\GraduationProjectThree\dataset/ship_cls/test\09.Freedom-class_combat_ship\P9247.bmp,8,09.Freedom-class_combat_ship,8,09.Freedom-class_combat_ship,1.000000
d:\GraduationProjectThree\dataset/ship_cls/test\09.Freedom-class_combat_ship\P9549.bmp,8,09.Freedom-class_combat_ship,8,09.Freedom-class_combat_ship,1.000000
d:\GraduationProjectThree\dataset/ship_cls/test\10.Independence-class_combat_ship\P0627.bmp,9,10.Independence-class_combat_ship,9,10.Independence-class_combat_ship,0.995186
d:\GraduationProjectThree\dataset/ship_cls/test\10.Independence-class_combat_ship\P0815.bmp,9,10.Independence-class_combat_ship,9,10.Independence-class_combat_ship,0.999963
d:\GraduationProjectThree\dataset/ship_cls/test\10.Independence-class_combat_ship\P1782.bmp,9,10.Independence-class_combat_ship,9,10.Independence-class_combat_ship,0.999998
d:\GraduationProjectThree\dataset/ship_cls/test\10.Independence-class_combat_ship\P1838.bmp,9,10.Independence-class_combat_ship,9,10.Independence-class_combat_ship,0.999989
d:\GraduationProjectThree\dataset/ship_cls/test\10.Independence-class_combat_ship\P2074.bmp,9,10.Independence-class_combat_ship,9,10.Independence-class_combat_ship,0.999764
d:\GraduationProjectThree\dataset/ship_cls/test\10.Independence-class_combat_ship\P2384.bmp,9,10.Independence-class_combat_ship,9,10.Independence-class_combat_ship,0.999999
d:\GraduationProjectThree\dataset/ship_cls/test\10.Independence-class_combat_ship\P3934.bmp,9,10.Independence-class_combat_ship,9,10.Independence-class_combat_ship,0.999995
d:\GraduationProjectThree\dataset/ship_cls/test\10.Independence-class_combat_ship\P3977.bmp,9,10.Independence-class_combat_ship,9,10.Independence-class_combat_ship,0.999892
d:\GraduationProjectThree\dataset/ship_cls/test\10.Independence-class_combat_ship\P4202.bmp,9,10.Independence-class_combat_ship,9,10.Independence-class_combat_ship,0.999998
d:\GraduationProjectThree\dataset/ship_cls/test\10.Independence-class_combat_ship\P4243.bmp,9,10.Independence-class_combat_ship,9,10.Independence-class_combat_ship,0.999997
d:\GraduationProjectThree\dataset/ship_cls/test\10.Independence-class_combat_ship\P4603.bmp,9,10.Independence-class_combat_ship,9,10.Independence-class_combat_ship,0.999977
d:\GraduationProjectThree\dataset/ship_cls/test\10.Independence-class_combat_ship\P4904.bmp,9,10.Independence-class_combat_ship,9,10.Independence-class_combat_ship,0.999998
d:\GraduationProjectThree\dataset/ship_cls/test\10.Independence-class_combat_ship\P5824.bmp,9,10.Independence-class_combat_ship,9,10.Independence-class_combat_ship,1.000000
d:\GraduationProjectThree\dataset/ship_cls/test\10.Independence-class_combat_ship\P6153.bmp,9,10.Independence-class_combat_ship,9,10.Independence-class_combat_ship,0.999996
d:\GraduationProjectThree\dataset/ship_cls/test\10.Independence-class_combat_ship\P6271.bmp,9,10.Independence-class_combat_ship,9,10.Independence-class_combat_ship,0.999996
d:\GraduationProjectThree\dataset/ship_cls/test\10.Independence-class_combat_ship\P7767.bmp,9,10.Independence-class_combat_ship,9,10.Independence-class_combat_ship,0.999987
d:\GraduationProjectThree\dataset/ship_cls/test\10.Independence-class_combat_ship\P7943.bmp,9,10.Independence-class_combat_ship,9,10.Independence-class_combat_ship,0.999997
d:\GraduationProjectThree\dataset/ship_cls/test\10.Independence-class_combat_ship\P8073.bmp,9,10.Independence-class_combat_ship,9,10.Independence-class_combat_ship,0.999995
d:\GraduationProjectThree\dataset/ship_cls/test\10.Independence-class_combat_ship\P8374.bmp,9,10.Independence-class_combat_ship,9,10.Independence-class_combat_ship,0.946167
d:\GraduationProjectThree\dataset/ship_cls/test\10.Independence-class_combat_ship\P8726.bmp,9,10.Independence-class_combat_ship,9,10.Independence-class_combat_ship,0.999790
d:\GraduationProjectThree\dataset/ship_cls/test\10.Independence-class_combat_ship\P8839.bmp,9,10.Independence-class_combat_ship,9,10.Independence-class_combat_ship,0.999999
