source_image,scenario,occlusion_mode,occlusion_level,model,occluded_image,heatmap_image,status,error
/mnt/e/aircas/dht/graduation/dataset/ship_fine/test/001.Nimitz-class_aircraft_carrier/P0031.bmp,clean,none,light,resnet,/mnt/e/aircas/dht/graduation/outputs/keypart_experiments/occlusion_heatmaps/P0031/clean/P0031_clean.png,/mnt/e/aircas/dht/graduation/outputs/keypart_experiments/occlusion_heatmaps/P0031/clean/gradcam_resnet_P0031_clean.png,ok,
/mnt/e/aircas/dht/graduation/dataset/ship_fine/test/001.Nimitz-class_aircraft_carrier/P0031.bmp,clean,none,light,vgg,/mnt/e/aircas/dht/graduation/outputs/keypart_experiments/occlusion_heatmaps/P0031/clean/P0031_clean.png,/mnt/e/aircas/dht/graduation/outputs/keypart_experiments/occlusion_heatmaps/P0031/clean/gradcam_vgg_P0031_clean.png,ok,
/mnt/e/aircas/dht/graduation/dataset/ship_fine/test/001.Nimitz-class_aircraft_carrier/P0031.bmp,clean,none,light,vit,/mnt/e/aircas/dht/graduation/outputs/keypart_experiments/occlusion_heatmaps/P0031/clean/P0031_clean.png,/mnt/e/aircas/dht/graduation/outputs/keypart_experiments/occlusion_heatmaps/P0031/clean/vit_rollout_P0031_clean.png,ok,
/mnt/e/aircas/dht/graduation/dataset/ship_fine/test/001.Nimitz-class_aircraft_carrier/P0031.bmp,clean,none,light,vit_fusion,/mnt/e/aircas/dht/graduation/outputs/keypart_experiments/occlusion_heatmaps/P0031/clean/P0031_clean.png,/mnt/e/aircas/dht/graduation/outputs/keypart_experiments/occlusion_heatmaps/P0031/clean/vit_fusion_attention_P0031_clean.png,ok,
/mnt/e/aircas/dht/graduation/dataset/ship_fine/test/001.Nimitz-class_aircraft_carrier/P0031.bmp,mixed_light,mixed,light,resnet,/mnt/e/aircas/dht/graduation/outputs/keypart_experiments/occlusion_heatmaps/P0031/mixed_light/P0031_mixed_light.png,/mnt/e/aircas/dht/graduation/outputs/keypart_experiments/occlusion_heatmaps/P0031/mixed_light/gradcam_resnet_P0031_mixed_light.png,ok,
/mnt/e/aircas/dht/graduation/dataset/ship_fine/test/001.Nimitz-class_aircraft_carrier/P0031.bmp,mixed_light,mixed,light,vgg,/mnt/e/aircas/dht/graduation/outputs/keypart_experiments/occlusion_heatmaps/P0031/mixed_light/P0031_mixed_light.png,/mnt/e/aircas/dht/graduation/outputs/keypart_experiments/occlusion_heatmaps/P0031/mixed_light/gradcam_vgg_P0031_mixed_light.png,ok,
/mnt/e/aircas/dht/graduation/dataset/ship_fine/test/001.Nimitz-class_aircraft_carrier/P0031.bmp,mixed_light,mixed,light,vit,/mnt/e/aircas/dht/graduation/outputs/keypart_experiments/occlusion_heatmaps/P0031/mixed_light/P0031_mixed_light.png,/mnt/e/aircas/dht/graduation/outputs/keypart_experiments/occlusion_heatmaps/P0031/mixed_light/vit_rollout_P0031_mixed_light.png,ok,
/mnt/e/aircas/dht/graduation/dataset/ship_fine/test/001.Nimitz-class_aircraft_carrier/P0031.bmp,mixed_light,mixed,light,vit_fusion,/mnt/e/aircas/dht/graduation/outputs/keypart_experiments/occlusion_heatmaps/P0031/mixed_light/P0031_mixed_light.png,/mnt/e/aircas/dht/graduation/outputs/keypart_experiments/occlusion_heatmaps/P0031/mixed_light/vit_fusion_attention_P0031_mixed_light.png,ok,
/mnt/e/aircas/dht/graduation/dataset/ship_fine/test/001.Nimitz-class_aircraft_carrier/P0031.bmp,mixed_medium,mixed,medium,resnet,/mnt/e/aircas/dht/graduation/outputs/keypart_experiments/occlusion_heatmaps/P0031/mixed_medium/P0031_mixed_medium.png,/mnt/e/aircas/dht/graduation/outputs/keypart_experiments/occlusion_heatmaps/P0031/mixed_medium/gradcam_resnet_P0031_mixed_medium.png,ok,
/mnt/e/aircas/dht/graduation/dataset/ship_fine/test/001.Nimitz-class_aircraft_carrier/P0031.bmp,mixed_medium,mixed,medium,vgg,/mnt/e/aircas/dht/graduation/outputs/keypart_experiments/occlusion_heatmaps/P0031/mixed_medium/P0031_mixed_medium.png,/mnt/e/aircas/dht/graduation/outputs/keypart_experiments/occlusion_heatmaps/P0031/mixed_medium/gradcam_vgg_P0031_mixed_medium.png,ok,
/mnt/e/aircas/dht/graduation/dataset/ship_fine/test/001.Nimitz-class_aircraft_carrier/P0031.bmp,mixed_medium,mixed,medium,vit,/mnt/e/aircas/dht/graduation/outputs/keypart_experiments/occlusion_heatmaps/P0031/mixed_medium/P0031_mixed_medium.png,/mnt/e/aircas/dht/graduation/outputs/keypart_experiments/occlusion_heatmaps/P0031/mixed_medium/vit_rollout_P0031_mixed_medium.png,ok,
/mnt/e/aircas/dht/graduation/dataset/ship_fine/test/001.Nimitz-class_aircraft_carrier/P0031.bmp,mixed_medium,mixed,medium,vit_fusion,/mnt/e/aircas/dht/graduation/outputs/keypart_experiments/occlusion_heatmaps/P0031/mixed_medium/P0031_mixed_medium.png,/mnt/e/aircas/dht/graduation/outputs/keypart_experiments/occlusion_heatmaps/P0031/mixed_medium/vit_fusion_attention_P0031_mixed_medium.png,ok,
/mnt/e/aircas/dht/graduation/dataset/ship_fine/test/001.Nimitz-class_aircraft_carrier/P0031.bmp,mixed_heavy,mixed,heavy,resnet,/mnt/e/aircas/dht/graduation/outputs/keypart_experiments/occlusion_heatmaps/P0031/mixed_heavy/P0031_mixed_heavy.png,/mnt/e/aircas/dht/graduation/outputs/keypart_experiments/occlusion_heatmaps/P0031/mixed_heavy/gradcam_resnet_P0031_mixed_heavy.png,ok,
/mnt/e/aircas/dht/graduation/dataset/ship_fine/test/001.Nimitz-class_aircraft_carrier/P0031.bmp,mixed_heavy,mixed,heavy,vgg,/mnt/e/aircas/dht/graduation/outputs/keypart_experiments/occlusion_heatmaps/P0031/mixed_heavy/P0031_mixed_heavy.png,/mnt/e/aircas/dht/graduation/outputs/keypart_experiments/occlusion_heatmaps/P0031/mixed_heavy/gradcam_vgg_P0031_mixed_heavy.png,ok,
/mnt/e/aircas/dht/graduation/dataset/ship_fine/test/001.Nimitz-class_aircraft_carrier/P0031.bmp,mixed_heavy,mixed,heavy,vit,/mnt/e/aircas/dht/graduation/outputs/keypart_experiments/occlusion_heatmaps/P0031/mixed_heavy/P0031_mixed_heavy.png,/mnt/e/aircas/dht/graduation/outputs/keypart_experiments/occlusion_heatmaps/P0031/mixed_heavy/vit_rollout_P0031_mixed_heavy.png,ok,
/mnt/e/aircas/dht/graduation/dataset/ship_fine/test/001.Nimitz-class_aircraft_carrier/P0031.bmp,mixed_heavy,mixed,heavy,vit_fusion,/mnt/e/aircas/dht/graduation/outputs/keypart_experiments/occlusion_heatmaps/P0031/mixed_heavy/P0031_mixed_heavy.png,/mnt/e/aircas/dht/graduation/outputs/keypart_experiments/occlusion_heatmaps/P0031/mixed_heavy/vit_fusion_attention_P0031_mixed_heavy.png,ok,
